start:START_ID,end:END_ID,label:TYPE
QzHiXrJhy,Ixf54SyN_,INFORMS
chLz-7JK6,gfcI_Rhr0,INFORMS
cRFz4n0Pc,Y7fuav6te,INFORMS
NlLFa2dlZ,M6aGUBXtf,INFORMS
SL11GKMhj,PTJ4OIb5E,INFORMS
-Sz9IbUra,V0x-D5rL4,INFORMS
Qo0PhBepV,HRka7Fba3,INFORMS
0LXSOKdht,JlobF7nOJ,INFORMS
cRFz4n0Pc,S5-YY4hVb,INFORMS
ht_gHxaFG,IPYGhTU_j,INFORMS
y7NvExQj1,UoBMWkDFl,INFORMS
aKH5q105S,uvu7inTL8,INFORMS
bSIEcTP3J,458xh3jRs,INFORMS
8Qq3ozW4n,HRI_nqxlz,INFORMS
kIupe544T,TzTn8NOvp,INFORMS
Gn6iewvYF,hF-8dQX7-,INFORMS
5QnBT-MFL,L7jCK7AKl,INFORMS
jjw60hnsi,V0x-D5rL4,INFORMS
lIb8onNlE,Fk-9HVNbQ,INFORMS
1-C-g0qCW,L7jCK7AKl,INFORMS
Tz9iPR6Hy,Y7fuav6te,INFORMS
xoTPJyEMI,cfdQScgYx,INFORMS
him2co1Bg,W3ynXCvxq,INFORMS
2wT9Yv_cF,gfcI_Rhr0,INFORMS
kimWcz_h4,FJ8DuIcEE,INFORMS
jgKQnLHjN,VKvPktVnD,INFORMS
DG74gc3CJ,hF-8dQX7-,INFORMS
kIHG6-Ila,y72t2A7pT,INFORMS
4mcO-PgRj,L7jCK7AKl,INFORMS
rS-hEJjYE,y72t2A7pT,INFORMS
6wkebK9Rb,JlobF7nOJ,INFORMS
nC0geNc63,XXbmX7T9o,INFORMS
RniLbP0dj,L7jCK7AKl,INFORMS
YjbQZpA5M,M6aGUBXtf,INFORMS
gqETkmeXG,ADq2Ctez_,INFORMS
6r_duPu8G,JlobF7nOJ,INFORMS
bpzU9tgBb,Fk-9HVNbQ,INFORMS
uY8-oBWwy,T9ewTR_6e,INFORMS
6-XC7noR7,T9ewTR_6e,INFORMS
h0B5oi6H4,6ZrWzfND5,INFORMS
yQg2vbfkG,Y7fuav6te,INFORMS
WQY-tljFm,IGIieKufj,INFORMS
9flQjsKd6,uvu7inTL8,INFORMS
tqgilw1Ib,lhxFlITlL,INFORMS
ZeSbzUTLA,JlobF7nOJ,INFORMS
01PrcWW71,6ZrWzfND5,INFORMS
DHGP0FRjV,TzTn8NOvp,INFORMS
DSc19RzyF,u8AEal5Gd,INFORMS
HiUvvjFf0,TzTn8NOvp,INFORMS
ZXgoWBw15,d2IpcZvgd,INFORMS
7n18UIsN5,Ixf54SyN_,INFORMS
7FGfKLHYM,6ZrWzfND5,INFORMS
w0rQV7oyI,2yhPmfVK4,INFORMS
9flQjsKd6,ANxipAs7c,INFORMS
kayrJnALo,k2cU9eJJ7,INFORMS
QMQIJuzAI,V0x-D5rL4,INFORMS
C8_EKRIsh,vaoMttCAM,INFORMS
pHdxFkkDB,UoBMWkDFl,INFORMS
Gv-IeF8Wl,nDronVHGR,INFORMS
gGf3WSj7u,uvu7inTL8,INFORMS
iV_fYMkbC,cgjMCCNAi,INFORMS
eryKP0bHY,y72t2A7pT,INFORMS
nwh8sv1mV,JlobF7nOJ,INFORMS
5BnB27O-f,k2cU9eJJ7,INFORMS
_xYEUv42O,kbzFI5kfV,INFORMS
jgKQnLHjN,MhTyIkEXx,INFORMS
zkwlWCEpS,VKvPktVnD,INFORMS
dGHY7i9Qu,HRI_nqxlz,INFORMS
x8HPa6Rdj,Ixf54SyN_,INFORMS
2-bJaFjob,u8AEal5Gd,INFORMS
iV_fYMkbC,3ugMDarYZ,INFORMS
iO13PSTbc,u8AEal5Gd,INFORMS
rPE_IW2JJ,6ZrWzfND5,INFORMS
ee1ItmKqR,IGIieKufj,INFORMS
snNy17hgh,V0x-D5rL4,INFORMS
AgUd73IpP,PTJ4OIb5E,INFORMS
EowpPsowf,PTJ4OIb5E,INFORMS
7VUX5lkA_,TzTn8NOvp,INFORMS
E_cYY4opN,uvu7inTL8,INFORMS
LtD05YJZT,gJeVjX_t2,INFORMS
-TJaesDew,MD3WYfyoy,INFORMS
9CPBwF3cc,QU69GyZmb,INFORMS
bZQte2Eb-,gfcI_Rhr0,INFORMS
hkHY0AR4c,UoBMWkDFl,INFORMS
iNPTKMfD8,u-A8A9A8k,INFORMS
hHHAqpAc0,d2IpcZvgd,INFORMS
nK9okhwH0,u8AEal5Gd,INFORMS
A1HdO-GrO,PTJ4OIb5E,INFORMS
DHGP0FRjV,L7jCK7AKl,INFORMS
TndUNP272,rcf7WWCuf,INFORMS
snNy17hgh,6ZrWzfND5,INFORMS
Qo0PhBepV,JlobF7nOJ,INFORMS
A61nf3QNl,M6aGUBXtf,INFORMS
ht_gHxaFG,gJeVjX_t2,INFORMS
iV_fYMkbC,KtPCIUGNP,INFORMS
7ioUQ5iO3,TzTn8NOvp,INFORMS
jjw60hnsi,M6aGUBXtf,INFORMS
Pu_eipQdq,V0x-D5rL4,INFORMS
rYe33dsbF,JlobF7nOJ,INFORMS
IBn59ZWXY,L7jCK7AKl,INFORMS
rYN6VK3QX,HpsvE3eh7,INFORMS
dGHY7i9Qu,3ugMDarYZ,INFORMS
1B3Jax3yY,M6aGUBXtf,INFORMS
5BnB27O-f,On0MhfyA_,INFORMS
lljpG3FsT,V0x-D5rL4,INFORMS
jjw60hnsi,6ZrWzfND5,INFORMS
9flQjsKd6,MD3WYfyoy,INFORMS
ZR6_FyY3a,XXbmX7T9o,INFORMS
wLCgd8nNI,VhazwiUS9,INFORMS
BX3Cqqj90,lhxFlITlL,INFORMS
yspWhgcnu,gfcI_Rhr0,INFORMS
qOwFV9hTg,vpfKMBeha,INFORMS
BX3Cqqj90,HRI_nqxlz,INFORMS
aKH5q105S,CpcjrWwzB,INFORMS
A61nf3QNl,JlobF7nOJ,INFORMS
Hcxv0n6n7,V0x-D5rL4,INFORMS
R-0nDgJJ8,cyQikwNB-,INFORMS
-NSdEwmTP,6ZrWzfND5,INFORMS
jjw60hnsi,JlobF7nOJ,INFORMS
3IOlxyzLb,Fk-9HVNbQ,INFORMS
gr9lwGbRH,d2IpcZvgd,INFORMS
0LXSOKdht,M6aGUBXtf,INFORMS
FX6hkSeb_,L7jCK7AKl,INFORMS
MOrPymM0p,TzTn8NOvp,INFORMS
IQRaBRRiP,XXbmX7T9o,INFORMS
0_N--zfUY,uvu7inTL8,INFORMS
tqgilw1Ib,HRI_nqxlz,INFORMS
bCQMNgktJ,uvu7inTL8,INFORMS
QMQIJuzAI,JlobF7nOJ,INFORMS
kayrJnALo,On0MhfyA_,INFORMS
qq5nlasau,Ixf54SyN_,INFORMS
841E070Cm,u8AEal5Gd,INFORMS
iV_fYMkbC,tQX8NrE_k,INFORMS
2-bJaFjob,L7jCK7AKl,INFORMS
A63ow10iT,V0x-D5rL4,INFORMS
Whvj4Tjxl,JlobF7nOJ,INFORMS
MmQ5WkYLJ,k2cU9eJJ7,INFORMS
92Xr7KIW0,L7jCK7AKl,INFORMS
HRNgiqUaO,r98_G0ODs,SUPPORTS
Y0BOVsMrA,PA-SbYHIW,SUPPORTS
AgUd73IpP,kf-oGnwYa,SUPPORTS
rS-hEJjYE,3_znCbTMs,SUPPORTS
chLz-7JK6,9NlWpPam5,SUPPORTS
iyjRL_mO4,yEqEu4a50,SUPPORTS
A9LnGwzpf,pmW0_Xg3G,SUPPORTS
uOXDJXWyn,hGuGH45qN,SUPPORTS
1YXRXmgXU,Lyoni5S1c,SUPPORTS
7KTEB_CIh,OfGcOz-yA,SUPPORTS
ee1ItmKqR,btxfUolhe,SUPPORTS
nVFDzF2WK,_zS69U73d,SUPPORTS
bpzU9tgBb,63_0FUUbH,SUPPORTS
LjXvWKMsS,M1xHrenpf,SUPPORTS
g8zQj06en,r98_G0ODs,SUPPORTS
LjXvWKMsS,xcQNz2vHN,SUPPORTS
kimWcz_h4,iUihmDUev,SUPPORTS
rYe33dsbF,SnTTNuKEA,SUPPORTS
W8Zi3Y46u,UxDa8uLXa,SUPPORTS
nC0geNc63,NzyvJbkRk,SUPPORTS
ka1IiK3zJ,NzyvJbkRk,SUPPORTS
DSc19RzyF,MTScwvnIW,SUPPORTS
0mgttDo0W,PA-SbYHIW,SUPPORTS
A1HdO-GrO,kf-oGnwYa,SUPPORTS
Tz9iPR6Hy,z_GEqknIj,SUPPORTS
6r_duPu8G,3EWQll-rG,SUPPORTS
LtD05YJZT,Jz1boE45R,SUPPORTS
y7NvExQj1,fZXYbhf58,SUPPORTS
Ke0qFhkQL,p6tPef64K,SUPPORTS
m1Yc-GGvJ,9kLgby2dM,SUPPORTS
7FGfKLHYM,2lO695vkK,SUPPORTS
phR4apt3P,RfczE44aJ,SUPPORTS
de4YJna7K,ozGOufbaA,SUPPORTS
him2co1Bg,6I7F5MyMl,SUPPORTS
pHdxFkkDB,fZXYbhf58,SUPPORTS
A61nf3QNl,qQ3n5kOgw,SUPPORTS
rS-hEJjYE,L6AO75hlZ,SUPPORTS
j0UGLJ3e6,PA-SbYHIW,SUPPORTS
txuKjZx_i,A1tzdI9R9,SUPPORTS
CIyKP3Kxe,1B8pmQlDO,SUPPORTS
JJ6CSK6w3,NzyvJbkRk,SUPPORTS
jjW0_d3ak,GvxYZK2Gm,SUPPORTS
Aqquqho5j,SnTTNuKEA,SUPPORTS
3w7VwXJVD,vV8VFJ1-7,SUPPORTS
lZSAjVnnn,gVICHEiio,SUPPORTS
92Xr7KIW0,ZEtP3NQtl,SUPPORTS
yspWhgcnu,9NlWpPam5,SUPPORTS
5i2BACcCn,K-KfMCXjp,SUPPORTS
5BnB27O-f,xC_honiTe,SUPPORTS
imfBTqkLo,zWFoboSQO,SUPPORTS
gOeTvBjuK,b7oz0ypJ1,SUPPORTS
fxWgfx7yr,RfczE44aJ,SUPPORTS
nzQ0RZigK,jvTNRAfoZ,SUPPORTS
c__rWg__T,GXi1PeQGa,SUPPORTS
nVFDzF2WK,1wlIsuZZh,SUPPORTS
3YkqDzf-k,GvxYZK2Gm,SUPPORTS
xoTPJyEMI,E2lGtJtT-,SUPPORTS
M3NOdLhAe,GvxYZK2Gm,SUPPORTS
kZckUXf1w,lfyni9zYM,SUPPORTS
-Sz9IbUra,orfHFzWWk,SUPPORTS
j0UGLJ3e6,NzyvJbkRk,SUPPORTS
wLCgd8nNI,IyyFXvqvh,SUPPORTS
841E070Cm,lZpfpjdaN,SUPPORTS
A61nf3QNl,3EWQll-rG,SUPPORTS
0mgttDo0W,NzyvJbkRk,SUPPORTS
Y0BOVsMrA,NzyvJbkRk,SUPPORTS
yQg2vbfkG,vCFWRzsBU,SUPPORTS
lljpG3FsT,GW0OqhGK2,SUPPORTS
eglh75iLo,CazPhtCyH,SUPPORTS
gqETkmeXG,oH51qoRBc,SUPPORTS
OekCpaLo9,A1tzdI9R9,SUPPORTS
LjXvWKMsS,BUAcSWg47,SUPPORTS
Cmy4D8bhz,jvTNRAfoZ,SUPPORTS
hmfv-Bz4r,NzyvJbkRk,SUPPORTS
2c4P5p6rw,0UZXUJ8FO,SUPPORTS
IQRaBRRiP,0UZXUJ8FO,SUPPORTS
nK9okhwH0,5lYTg91gd,SUPPORTS
boQ6UJJMP,yEqEu4a50,SUPPORTS
gFbw239AO,GXi1PeQGa,SUPPORTS
iNPTKMfD8,5uSkOC1Ce,SUPPORTS
w0rQV7oyI,3yEuvvO5g,SUPPORTS
4u5hI2-Ys,UxDa8uLXa,SUPPORTS
BNMAVkp2E,eabGiBHEt,SUPPORTS
ZMI7u4SyM,yEqEu4a50,SUPPORTS
R-0nDgJJ8,doLu5PTIu,SUPPORTS
YYYVszFr6,L6AO75hlZ,SUPPORTS
3IOlxyzLb,tiUeSjRO7,SUPPORTS
bZQte2Eb-,9NlWpPam5,SUPPORTS
0-2tkuu4l,BUAcSWg47,SUPPORTS
fwUXLbE9r,1wlIsuZZh,SUPPORTS
rYN6VK3QX,OFcmrB0Kr,SUPPORTS
xY-GewW3E,jvTNRAfoZ,SUPPORTS
k90itT5sI,NzyvJbkRk,SUPPORTS
cRFz4n0Pc,M8EI-fLor,SUPPORTS
1B3Jax3yY,qQ3n5kOgw,SUPPORTS
VzJExj5WT,fwP9sFNI5,SUPPORTS
gqETkmeXG,JJ3GGgniI,SUPPORTS
n6tqyr-Zh,dN3k0Bhdf,SUPPORTS
VDt-x01Xp,pmW0_Xg3G,SUPPORTS
kayrJnALo,22SbuDx1O,SUPPORTS
iBwwWjZHE,A1tzdI9R9,SUPPORTS
5LQe2yX0I,9kLgby2dM,SUPPORTS
QigGJImJz,9D64j3I_y,SUPPORTS
D9FYGZNmk,zlm8zZOo7,SUPPORTS
eryKP0bHY,L6AO75hlZ,SUPPORTS
ht_gHxaFG,Z7UAQ7cH9,SUPPORTS
01PrcWW71,c2MpUYoHp,SUPPORTS
kIHG6-Ila,L6AO75hlZ,SUPPORTS
WQY-tljFm,Vt2dIhLyD,SUPPORTS
iLicutBoX,NBP9cdkpZ,SUPPORTS
iLicutBoX,Lyoni5S1c,SUPPORTS
amE_0Wcnm,EYh-X_WAe,SUPPORTS
Cmy4D8bhz,bYBZymgbI,SUPPORTS
2-bJaFjob,0PAm1s8St,SUPPORTS
nzQ0RZigK,bYBZymgbI,SUPPORTS
k90itT5sI,PA-SbYHIW,SUPPORTS
cRFz4n0Pc,nwsP-YB9d,SUPPORTS
HAM7DEdlD,GXi1PeQGa,SUPPORTS
nwh8sv1mV,FCHiTainT,SUPPORTS
hmfv-Bz4r,IkFV8ARgI,SUPPORTS
hkHY0AR4c,fZXYbhf58,SUPPORTS
rPE_IW2JJ,4MDaqr2X4,SUPPORTS
M3NOdLhAe,ctpZkzpRg,SUPPORTS
eglh75iLo,NBP9cdkpZ,SUPPORTS
0-2tkuu4l,bpfMHs0VA,SUPPORTS
JnhS-S-lm,_zS69U73d,SUPPORTS
1Orp-fkjH,p6tPef64K,SUPPORTS
FxTUmxjh2,dN3k0Bhdf,SUPPORTS
ymxZ3-EZi,0UZXUJ8FO,SUPPORTS
1YXRXmgXU,NBP9cdkpZ,SUPPORTS
-NSdEwmTP,c2MpUYoHp,SUPPORTS
iO13PSTbc,lZpfpjdaN,SUPPORTS
9CPBwF3cc,2WaelD3Z9,SUPPORTS
2wT9Yv_cF,9NlWpPam5,SUPPORTS
HRNgiqUaO,r98_G0ODs,SUPPORTS
Y0BOVsMrA,PA-SbYHIW,SUPPORTS
AgUd73IpP,kf-oGnwYa,SUPPORTS
rS-hEJjYE,3_znCbTMs,SUPPORTS
chLz-7JK6,9NlWpPam5,SUPPORTS
iyjRL_mO4,yEqEu4a50,SUPPORTS
A9LnGwzpf,pmW0_Xg3G,SUPPORTS
uOXDJXWyn,hGuGH45qN,SUPPORTS
1YXRXmgXU,Lyoni5S1c,SUPPORTS
7KTEB_CIh,OfGcOz-yA,SUPPORTS
ee1ItmKqR,btxfUolhe,SUPPORTS
nVFDzF2WK,_zS69U73d,SUPPORTS
bpzU9tgBb,63_0FUUbH,SUPPORTS
LjXvWKMsS,M1xHrenpf,SUPPORTS
g8zQj06en,r98_G0ODs,SUPPORTS
LjXvWKMsS,xcQNz2vHN,SUPPORTS
kimWcz_h4,iUihmDUev,SUPPORTS
rYe33dsbF,SnTTNuKEA,SUPPORTS
W8Zi3Y46u,UxDa8uLXa,SUPPORTS
nC0geNc63,NzyvJbkRk,SUPPORTS
ka1IiK3zJ,NzyvJbkRk,SUPPORTS
DSc19RzyF,MTScwvnIW,SUPPORTS
0mgttDo0W,PA-SbYHIW,SUPPORTS
A1HdO-GrO,kf-oGnwYa,SUPPORTS
Tz9iPR6Hy,z_GEqknIj,SUPPORTS
6r_duPu8G,3EWQll-rG,SUPPORTS
LtD05YJZT,Jz1boE45R,SUPPORTS
y7NvExQj1,fZXYbhf58,SUPPORTS
Ke0qFhkQL,p6tPef64K,SUPPORTS
m1Yc-GGvJ,9kLgby2dM,SUPPORTS
7FGfKLHYM,2lO695vkK,SUPPORTS
phR4apt3P,RfczE44aJ,SUPPORTS
de4YJna7K,ozGOufbaA,SUPPORTS
him2co1Bg,6I7F5MyMl,SUPPORTS
pHdxFkkDB,fZXYbhf58,SUPPORTS
A61nf3QNl,qQ3n5kOgw,SUPPORTS
rS-hEJjYE,L6AO75hlZ,SUPPORTS
j0UGLJ3e6,PA-SbYHIW,SUPPORTS
txuKjZx_i,A1tzdI9R9,SUPPORTS
CIyKP3Kxe,1B8pmQlDO,SUPPORTS
JJ6CSK6w3,NzyvJbkRk,SUPPORTS
jjW0_d3ak,GvxYZK2Gm,SUPPORTS
Aqquqho5j,SnTTNuKEA,SUPPORTS
3w7VwXJVD,vV8VFJ1-7,SUPPORTS
lZSAjVnnn,gVICHEiio,SUPPORTS
92Xr7KIW0,ZEtP3NQtl,SUPPORTS
yspWhgcnu,9NlWpPam5,SUPPORTS
5i2BACcCn,K-KfMCXjp,SUPPORTS
5BnB27O-f,xC_honiTe,SUPPORTS
imfBTqkLo,zWFoboSQO,SUPPORTS
gOeTvBjuK,b7oz0ypJ1,SUPPORTS
fxWgfx7yr,RfczE44aJ,SUPPORTS
nzQ0RZigK,jvTNRAfoZ,SUPPORTS
c__rWg__T,GXi1PeQGa,SUPPORTS
nVFDzF2WK,1wlIsuZZh,SUPPORTS
3YkqDzf-k,GvxYZK2Gm,SUPPORTS
xoTPJyEMI,E2lGtJtT-,SUPPORTS
M3NOdLhAe,GvxYZK2Gm,SUPPORTS
kZckUXf1w,lfyni9zYM,SUPPORTS
-Sz9IbUra,orfHFzWWk,SUPPORTS
j0UGLJ3e6,NzyvJbkRk,SUPPORTS
wLCgd8nNI,IyyFXvqvh,SUPPORTS
841E070Cm,lZpfpjdaN,SUPPORTS
A61nf3QNl,3EWQll-rG,SUPPORTS
0mgttDo0W,NzyvJbkRk,SUPPORTS
Y0BOVsMrA,NzyvJbkRk,SUPPORTS
yQg2vbfkG,vCFWRzsBU,SUPPORTS
lljpG3FsT,GW0OqhGK2,SUPPORTS
eglh75iLo,CazPhtCyH,SUPPORTS
gqETkmeXG,oH51qoRBc,SUPPORTS
OekCpaLo9,A1tzdI9R9,SUPPORTS
LjXvWKMsS,BUAcSWg47,SUPPORTS
Cmy4D8bhz,jvTNRAfoZ,SUPPORTS
hmfv-Bz4r,NzyvJbkRk,SUPPORTS
2c4P5p6rw,0UZXUJ8FO,SUPPORTS
IQRaBRRiP,0UZXUJ8FO,SUPPORTS
nK9okhwH0,5lYTg91gd,SUPPORTS
boQ6UJJMP,yEqEu4a50,SUPPORTS
gFbw239AO,GXi1PeQGa,SUPPORTS
iNPTKMfD8,5uSkOC1Ce,SUPPORTS
w0rQV7oyI,3yEuvvO5g,SUPPORTS
4u5hI2-Ys,UxDa8uLXa,SUPPORTS
BNMAVkp2E,eabGiBHEt,SUPPORTS
ZMI7u4SyM,yEqEu4a50,SUPPORTS
R-0nDgJJ8,doLu5PTIu,SUPPORTS
YYYVszFr6,L6AO75hlZ,SUPPORTS
3IOlxyzLb,tiUeSjRO7,SUPPORTS
bZQte2Eb-,9NlWpPam5,SUPPORTS
0-2tkuu4l,BUAcSWg47,SUPPORTS
fwUXLbE9r,1wlIsuZZh,SUPPORTS
rYN6VK3QX,OFcmrB0Kr,SUPPORTS
xY-GewW3E,jvTNRAfoZ,SUPPORTS
k90itT5sI,NzyvJbkRk,SUPPORTS
cRFz4n0Pc,M8EI-fLor,SUPPORTS
1B3Jax3yY,qQ3n5kOgw,SUPPORTS
VzJExj5WT,fwP9sFNI5,SUPPORTS
gqETkmeXG,JJ3GGgniI,SUPPORTS
n6tqyr-Zh,dN3k0Bhdf,SUPPORTS
VDt-x01Xp,pmW0_Xg3G,SUPPORTS
kayrJnALo,22SbuDx1O,SUPPORTS
iBwwWjZHE,A1tzdI9R9,SUPPORTS
5LQe2yX0I,9kLgby2dM,SUPPORTS
QigGJImJz,9D64j3I_y,SUPPORTS
D9FYGZNmk,zlm8zZOo7,SUPPORTS
eryKP0bHY,L6AO75hlZ,SUPPORTS
ht_gHxaFG,Z7UAQ7cH9,SUPPORTS
01PrcWW71,c2MpUYoHp,SUPPORTS
kIHG6-Ila,L6AO75hlZ,SUPPORTS
WQY-tljFm,Vt2dIhLyD,SUPPORTS
iLicutBoX,NBP9cdkpZ,SUPPORTS
iLicutBoX,Lyoni5S1c,SUPPORTS
amE_0Wcnm,EYh-X_WAe,SUPPORTS
Cmy4D8bhz,bYBZymgbI,SUPPORTS
2-bJaFjob,0PAm1s8St,SUPPORTS
nzQ0RZigK,bYBZymgbI,SUPPORTS
k90itT5sI,PA-SbYHIW,SUPPORTS
cRFz4n0Pc,nwsP-YB9d,SUPPORTS
HAM7DEdlD,GXi1PeQGa,SUPPORTS
nwh8sv1mV,FCHiTainT,SUPPORTS
hmfv-Bz4r,IkFV8ARgI,SUPPORTS
hkHY0AR4c,fZXYbhf58,SUPPORTS
rPE_IW2JJ,4MDaqr2X4,SUPPORTS
M3NOdLhAe,ctpZkzpRg,SUPPORTS
eglh75iLo,NBP9cdkpZ,SUPPORTS
0-2tkuu4l,bpfMHs0VA,SUPPORTS
JnhS-S-lm,_zS69U73d,SUPPORTS
1Orp-fkjH,p6tPef64K,SUPPORTS
FxTUmxjh2,dN3k0Bhdf,SUPPORTS
ymxZ3-EZi,0UZXUJ8FO,SUPPORTS
1YXRXmgXU,NBP9cdkpZ,SUPPORTS
-NSdEwmTP,c2MpUYoHp,SUPPORTS
iO13PSTbc,lZpfpjdaN,SUPPORTS
9CPBwF3cc,2WaelD3Z9,SUPPORTS
2wT9Yv_cF,9NlWpPam5,SUPPORTS
NxbzsneNG,msWO4dCiC,INFORMED BY
KDlVIJigB,OwtsqjKgJ,INFORMED BY
hjcVtZxP9,CLhEkIi6R,INFORMED BY
DlHhmEVUb,1Dmz3870Y,INFORMED BY
e_hbrKQuW,rCVvQjr9j,INFORMED BY
JauqvwYkz,msWO4dCiC,INFORMED BY
ARbXw-gMD,OwtsqjKgJ,INFORMED BY
8k6xT69Cv,1Dmz3870Y,INFORMED BY
kPsqOOAaS,y384RFx3P,INFORMED BY
IvJi_ykLS,W64Jx44AW,INFORMED BY
8yhbtrlYW,msWO4dCiC,INFORMED BY
QJxQZepUD,c0yjV7P36,INFORMED BY
H7KEwtfRD,1Dmz3870Y,INFORMED BY
cnAZFcMno,-xfRrcp2u,INFORMED BY
XTX38naWQ,lhlE1vb39,INFORMED BY
ox4MYqJ8c,ErtDL9vb5,INFORMED BY
jzVpMDg-b,-xfRrcp2u,INFORMED BY
EggYUvArH,Z1USfep9S,INFORMED BY
O2HRW5WbE,-xfRrcp2u,INFORMED BY
3KMtFUrrM,CubkNXuwg,INFORMED BY
3JKSisRcQ,OwtsqjKgJ,INFORMED BY
uFj-LPbn_,iNLSN0Be8,INFORMED BY
a6t2ogKgF,iNLSN0Be8,INFORMED BY
IAX2laWZw,aEU56lDKk,INFORMED BY
ED6xIdI7Z,RPkDLFfLb,INFORMED BY
DBkJdegi6,y384RFx3P,INFORMED BY
nXVJyA2ke,HoQBVN30G,INFORMED BY
NxbzsneNG,msWO4dCiC,INFORMED BY
KDlVIJigB,OwtsqjKgJ,INFORMED BY
hjcVtZxP9,CLhEkIi6R,INFORMED BY
DlHhmEVUb,1Dmz3870Y,INFORMED BY
e_hbrKQuW,rCVvQjr9j,INFORMED BY
JauqvwYkz,msWO4dCiC,INFORMED BY
ARbXw-gMD,OwtsqjKgJ,INFORMED BY
8k6xT69Cv,1Dmz3870Y,INFORMED BY
kPsqOOAaS,y384RFx3P,INFORMED BY
IvJi_ykLS,W64Jx44AW,INFORMED BY
8yhbtrlYW,msWO4dCiC,INFORMED BY
QJxQZepUD,c0yjV7P36,INFORMED BY
H7KEwtfRD,1Dmz3870Y,INFORMED BY
cnAZFcMno,-xfRrcp2u,INFORMED BY
XTX38naWQ,lhlE1vb39,INFORMED BY
ox4MYqJ8c,ErtDL9vb5,INFORMED BY
jzVpMDg-b,-xfRrcp2u,INFORMED BY
EggYUvArH,Z1USfep9S,INFORMED BY
O2HRW5WbE,-xfRrcp2u,INFORMED BY
3KMtFUrrM,CubkNXuwg,INFORMED BY
3JKSisRcQ,OwtsqjKgJ,INFORMED BY
uFj-LPbn_,iNLSN0Be8,INFORMED BY
a6t2ogKgF,iNLSN0Be8,INFORMED BY
IAX2laWZw,aEU56lDKk,INFORMED BY
ED6xIdI7Z,RPkDLFfLb,INFORMED BY
DBkJdegi6,y384RFx3P,INFORMED BY
nXVJyA2ke,HoQBVN30G,INFORMED BY
7GwOXcyxo,44KviF6oh,SUPPORTS
Q0r38g51n,lnum-IZex,SUPPORTS
GVPHDqDL5,NNFUMijiD,SUPPORTS
aG3oUs_IH,daqUPYPIW,SUPPORTS
FZIFI-dZi,G_17Z-BPa,SUPPORTS
Iz0XdoL7Y,LfkHWb_rD,SUPPORTS
cIYHzjWtq,pY0EXpsMM,SUPPORTS
FZIFI-dZi,ixVWDTXX0,SUPPORTS
cST4q7kjn,daqUPYPIW,SUPPORTS
oz8E6bPAo,fiFHSZ50A,SUPPORTS
9HwLety3u,LDtXYpbfk,SUPPORTS
KT5cn_M0f,daqUPYPIW,SUPPORTS
5JqHS8zG1,vpAvA0lok,SUPPORTS
kbj2QWTFT,ixVWDTXX0,SUPPORTS
oGaaK7d40,Oq631xMxn,SUPPORTS
2mb_uq826,Fk2UoWvkt,SUPPORTS
xLBStw_4b,i-mjiUvLf,SUPPORTS
xLBStw_4b,gI1vqU_Ez,SUPPORTS
HvCY93DFk,lnum-IZex,SUPPORTS
9-9pYv7aU,JSM4SguAa,SUPPORTS
pVDB0DcSX,twviW0aMI,SUPPORTS
gcr5ykSGr,lv-wSbcMx,SUPPORTS
nxQipaFXg,joHqfqVF0,SUPPORTS
SlFER7WEy,vpAvA0lok,SUPPORTS
2KGqsox8S,zCx8smcVO,SUPPORTS
VQdqCKgTa,M_2spG-lg,SUPPORTS
lUCSGlEMg,Nrk8MP8l7,SUPPORTS
QRAu3gJiC,na1G9towI,SUPPORTS
zQwBqhmLE,f0dNgia6e,SUPPORTS
JTULGxpQ5,dKhjgw6PO,SUPPORTS
h7C_oNc2P,zCx8smcVO,SUPPORTS
D-uoSWpAD,mt_eWQTl_,SUPPORTS
i3akkbkJ1,mt_eWQTl_,SUPPORTS
fioQmazuQ,P92U1tY1t,SUPPORTS
mnPSjpcpw,OPJhTUPRv,SUPPORTS
380yeJ_Hp,yA4Uf3J84,SUPPORTS
PROoY_GBc,dKhjgw6PO,SUPPORTS
btpuXbOrD,Fk2UoWvkt,SUPPORTS
gZMOCjNm4,P92U1tY1t,SUPPORTS
mnPSjpcpw,Ak0jhW0GH,SUPPORTS
9U8Y2nQ9n,lv-wSbcMx,SUPPORTS
PuUybdN4d,ZxWE4HLE5,SUPPORTS
gcr5ykSGr,PE7cW45Km,SUPPORTS
faWwqM_r_,dKhjgw6PO,SUPPORTS
JsrQTBxFb,twviW0aMI,SUPPORTS
mwa6AXHB1,44KviF6oh,SUPPORTS
6gPSfvuT8,vIqununCm,SUPPORTS
RXQvQqueh,G_17Z-BPa,SUPPORTS
PlUNBeO0b,44KviF6oh,SUPPORTS
Slc_zFif5,lv-wSbcMx,SUPPORTS
aHxTg7kjH,mt_eWQTl_,SUPPORTS
rypLmkzQR,v2PYtYOe0,SUPPORTS
dKzomT8vU,NNFUMijiD,SUPPORTS
CcA6Wzm_W,vpAvA0lok,SUPPORTS
sslI3hdQI,xdj51gKGs,SUPPORTS
l1EX0QdO5,AuaMUfBdq,SUPPORTS
xLBStw_4b,zKIRuWcys,SUPPORTS
tLSkzt9pM,Oq631xMxn,SUPPORTS
rypLmkzQR,mt_eWQTl_,SUPPORTS
h7C_oNc2P,DoH8Yvfbq,SUPPORTS
Vyxn9VA-h,Cqkc2xikp,SUPPORTS
RXQvQqueh,p4rzhl4Vv,SUPPORTS
TLYr4rPzD,Fk2UoWvkt,SUPPORTS
sslI3hdQI,f0dNgia6e,SUPPORTS
Psq6uqBZg,0PZ7J_8zH,SUPPORTS
PuUybdN4d,-JSej1Kvl,INFORMS
NIT4U8L1v,uvu7inTL8,INFORMS
Psq6uqBZg,WN3n8o16z,INFORMS
RXQvQqueh,-JSej1Kvl,INFORMS
oz8E6bPAo,2q4mpIaVi,INFORMS
9U8Y2nQ9n,MD3WYfyoy,INFORMS
SlFER7WEy,MhTyIkEXx,INFORMS
5JqHS8zG1,VKvPktVnD,INFORMS
mnPSjpcpw,CMjiYqyx7,INFORMS
9HwLety3u,4xO0-e_4R,INFORMS
Slc_zFif5,MD3WYfyoy,INFORMS
SlFER7WEy,VKvPktVnD,INFORMS
MfrtnNpJE,MD3WYfyoy,INFORMS
hBzSdN5qB,G5I9aFjLn,INFORMS
Psq6uqBZg,2q4mpIaVi,INFORMS
VQdqCKgTa,aB0ofOhO1,INFORMS
kbj2QWTFT,VENQIm9b6,INFORMS
FZIFI-dZi,YtNuhXFrV,INFORMS
RXQvQqueh,YtNuhXFrV,INFORMS
Vyxn9VA-h,4xO0-e_4R,INFORMS
JrQ9Kcu46,TaX-MOznH,INFORMS
jFvb3ongx,TzTn8NOvp,INFORMS
opiw-woek,cgjMCCNAi,INFORMS
kbj2QWTFT,YtNuhXFrV,INFORMS
CcA6Wzm_W,MhTyIkEXx,INFORMS
MeGNplabm,cgjMCCNAi,INFORMS
24El5w68I,drv9lUFbl,INFORMS
-Sz9IbUra,lhlE1vb39,INFORMS
Ctkc2iJNP,drv9lUFbl,INFORMS
F-YzkZ2jF,CubkNXuwg,INFORMS
eryKP0bHY,drv9lUFbl,INFORMS
ZR6_FyY3a,dZOwxYcWE,INFORMS
snNy17hgh,lhlE1vb39,INFORMS
kIHG6-Ila,drv9lUFbl,INFORMS
F-YzkZ2jF,drv9lUFbl,INFORMS
rS-hEJjYE,drv9lUFbl,INFORMS
0-2tkuu4l,dZOwxYcWE,INFORMS
gFbw239AO,dZOwxYcWE,INFORMS
gqETkmeXG,dZOwxYcWE,INFORMS
xZx-eV2Y4,drv9lUFbl,INFORMS
0AnyJYOE1,dZOwxYcWE,INFORMS
YYYVszFr6,drv9lUFbl,INFORMS
Ga8ORIY8v,drv9lUFbl,INFORMS
AP8l66U1L,lhlE1vb39,INFORMS
j0UGLJ3e6,dZOwxYcWE,INFORMS
L1nUdRWr2,drv9lUFbl,INFORMS
B7UPmuzgg,dZOwxYcWE,INFORMS
HiUvvjFf0,as9B0xYLG,INFORMS
jjw60hnsi,lhlE1vb39,INFORMS
IQRaBRRiP,drv9lUFbl,INFORMS
nC0geNc63,dZOwxYcWE,INFORMS
_N-gQJ0eV,dZOwxYcWE,INFORMS
Pu_eipQdq,lhlE1vb39,INFORMS
WbWLJVWcF,drv9lUFbl,INFORMS
uY8-oBWwy,dZOwxYcWE,INFORMS
w0rQV7oyI,HVIxflKuR,SUPPORTS
uOXDJXWyn,BSPY1cIMj,SUPPORTS
9E0jVhav_,HVIxflKuR,SUPPORTS
7VUX5lkA_,3MlVzmpUi,SUPPORTS
eryKP0bHY,drv9lUFbl,SUPPORTS
45WDQVJkn,drv9lUFbl,SUPPORTS
kIHG6-Ila,drv9lUFbl,SUPPORTS
rS-hEJjYE,drv9lUFbl,SUPPORTS
geHT15jC4,5ZccsFCL_,SUPPORTS
82vjreeE4,drv9lUFbl,SUPPORTS
1SinPyIpx,HVIxflKuR,SUPPORTS
-TJaesDew,Z1USfep9S,SUPPORTS
j0UGLJ3e6,dZOwxYcWE,SUPPORTS
B7UPmuzgg,drv9lUFbl,SUPPORTS
g8zQj06en,9hr3WF_vL,SUPPORTS
uY8-oBWwy,dZOwxYcWE,SUPPORTS
w0rQV7oyI,HVIxflKuR,SUPPORTS
uOXDJXWyn,BSPY1cIMj,SUPPORTS
9E0jVhav_,HVIxflKuR,SUPPORTS
7VUX5lkA_,3MlVzmpUi,SUPPORTS
eryKP0bHY,drv9lUFbl,SUPPORTS
45WDQVJkn,drv9lUFbl,SUPPORTS
kIHG6-Ila,drv9lUFbl,SUPPORTS
rS-hEJjYE,drv9lUFbl,SUPPORTS
geHT15jC4,5ZccsFCL_,SUPPORTS
82vjreeE4,drv9lUFbl,SUPPORTS
1SinPyIpx,HVIxflKuR,SUPPORTS
-TJaesDew,Z1USfep9S,SUPPORTS
j0UGLJ3e6,dZOwxYcWE,SUPPORTS
B7UPmuzgg,drv9lUFbl,SUPPORTS
g8zQj06en,9hr3WF_vL,SUPPORTS
uY8-oBWwy,dZOwxYcWE,SUPPORTS
0-2tkuu4l,drv9lUFbl,OPPOSES
RPkDLFfLb,ff4qOpZtp,INFORMED BY
z_GEqknIj,Y7fuav6te,INFORMS
kf-oGnwYa,6ezlDwr0T,INFORMS
PA-SbYHIW,o3sETJ04K,INFORMS
NzyvJbkRk,o3sETJ04K,INFORMS
I9T-Dj4mR,JlobF7nOJ,INFORMS
lfyni9zYM,CpcjrWwzB,INFORMS
1upExfl-O,JlobF7nOJ,INFORMS
6I7F5MyMl,W3ynXCvxq,INFORMS
hGuGH45qN,458xh3jRs,INFORMS
1wlIsuZZh,458xh3jRs,INFORMS
ZMU9f8rvq,rcf7WWCuf,INFORMS
OFcmrB0Kr,HpsvE3eh7,INFORMS
dN3k0Bhdf,OHL8FiE59,INFORMS
JJ3GGgniI,U-ceurCGN,INFORMS
GvxYZK2Gm,ADq2Ctez_,INFORMS
p6tPef64K,Garmh0ObA,INFORMS
eFHOgIGu8,zJ8pMf4V3,INFORMS
_zS69U73d,458xh3jRs,INFORMS
RfczE44aJ,jFsHxRe8Z,INFORMS
zWFoboSQO,458xh3jRs,INFORMS
A8juZ-ShH,nt7jKEJx2,INFORMS
xveiZTGPS,QARguBv01,INFORMS
NzyvJbkRk,mEyqGF60z,INFORMS
-cZ6SjcJ7,QARguBv01,INFORMS
kf-oGnwYa,PTJ4OIb5E,INFORMS
zlm8zZOo7,76bCtsHLp,INFORMS
1B8pmQlDO,nt7jKEJx2,INFORMS
YKP5XEqO5,G5I9aFjLn,INFORMS
PA-SbYHIW,mEyqGF60z,INFORMS
9NlWpPam5,gfcI_Rhr0,INFORMS
qQ3n5kOgw,M6aGUBXtf,INFORMS
NIT4U8L1v,2fDP2ziNb,SUPPORTS
jFvb3ongx,3MlVzmpUi,SUPPORTS
lUCSGlEMg,msWO4dCiC,SUPPORTS
MfrtnNpJE,Z1USfep9S,SUPPORTS
NIT4U8L1v,ZgBUmdBZi,SUPPORTS
sslI3hdQI,c0yjV7P36,SUPPORTS
jsPT41Vnr,pzEE3QEqI,SUPPORTS
0i4iD8KIe,AsKDVIj5H,SUPPORTS
5R2QNzba4,as9B0xYLG,SUPPORTS
bhgTP-0bX,5ZccsFCL_,SUPPORTS
Slc_zFif5,2fDP2ziNb,SUPPORTS
gpj8UhRL_,5ZccsFCL_,SUPPORTS
NIT4U8L1v,2fDP2ziNb,SUPPORTS
jFvb3ongx,3MlVzmpUi,SUPPORTS
lUCSGlEMg,msWO4dCiC,SUPPORTS
MfrtnNpJE,Z1USfep9S,SUPPORTS
NIT4U8L1v,ZgBUmdBZi,SUPPORTS
sslI3hdQI,c0yjV7P36,SUPPORTS
jsPT41Vnr,pzEE3QEqI,SUPPORTS
0i4iD8KIe,AsKDVIj5H,SUPPORTS
5R2QNzba4,as9B0xYLG,SUPPORTS
bhgTP-0bX,5ZccsFCL_,SUPPORTS
Slc_zFif5,2fDP2ziNb,SUPPORTS
gpj8UhRL_,5ZccsFCL_,SUPPORTS
-HLp9sKMX,wG8Yikcp3,OPPOSES
mM9kOafv-,msWO4dCiC,OPPOSES
t42uCCyad,AsKDVIj5H,OPPOSES
dKzomT8vU,msWO4dCiC,OPPOSES
0AVJcEZ4F,BhHpRW0pH,OPPOSES
gpj8UhRL_,as9B0xYLG,OPPOSES
bhgTP-0bX,wG8Yikcp3,OPPOSES
GVPHDqDL5,msWO4dCiC,OPPOSES
ist7GALZM,m_R6VWy2V,OPPOSES